client,reward
Lighthouse,0.13818291666666666
Lodestar,0.07525333333333334
Nimbus,0.10547307692307693
Prysm,0.13483223032069971
Teku,0.1464706784660767
