client,reward
Lighthouse,0.17423493288590605
Lodestar,0.09633
Nimbus,0.145108
Prysm,0.1643714006514658
Teku,0.1789633128834356
