client,reward
Lighthouse,0.17434844444444444
Lodestar,0.08858
Nimbus,0.145108
Prysm,0.17060676363636362
Teku,0.18841147887323942
