client,reward
Lighthouse,0.10077814160086145
Lodestar,0.08807548387096774
Nimbus,0.10591401806755694
Prysm,0.09935954943477117
Teku,0.105497861936721
