client,reward
Lighthouse,0.1003766296841625
Lodestar,0.08865678571428572
Nimbus,0.1031705320092215
Prysm,0.09856427734338896
Teku,0.10431007897374224
