relay,Lighthouse,Lodestar,Nimbus,Prysm,Teku
blocknative,0.0983833831872099,,0.06269569444444445,0.11424284178187404,0.09099821209465381
bloxroute (ethical),0.06777030674846625,0.06723560439560439,0.06678016666666667,0.05818669075890553,0.07632181086519114
bloxroute (max profit),0.07874543713314798,0.09881474999999999,0.07166158671586717,0.08403880363452802,0.07399688126531521
bloxroute (regulated),0.08571112414467252,,0.06996901886792452,0.11839365671641791,0.09237257042253522
eden,0.11895368736383442,,0.13166986046511628,0.12176089696969698,0.12406196540880503
flashbots,0.10521288291181588,0.20179,0.11192059914407988,0.10063095162092696,0.11547673812180655
manifold,0.06628118871725991,,0.056485625,0.07170398907103824,0.0717291416309013
none,0.06009625729177453,0.059560714285714286,0.04121288719943423,0.034950399854873096,0.037724861497385694
