client,reward
Lighthouse,0.07866054996665446
Lodestar,0.07552137931034482
Nimbus,0.07217736814159291
Prysm,0.06382667545933392
Teku,0.07006264579932789
