client,reward
Lighthouse,0.07892751060693584
Lodestar,0.07484802784222738
Nimbus,0.0729224681619464
Prysm,0.06350561971991947
Teku,0.0703629764039449
