client,reward
Lighthouse,0.059682060353074176
Lodestar,0.059473894230769236
Nimbus,0.041145633079511246
Prysm,0.033777361237903966
Teku,0.03712369581464873
