client,reward
Lighthouse,0.06051318387927595
Lodestar,0.06123867298578199
Nimbus,0.04183217278936681
Prysm,0.034160650769448415
Teku,0.03810344422472956
