client,reward
Lighthouse,0.11526110328638497
Lodestar,0.06859
Nimbus,0.08070125
Prysm,0.11089549878345498
Teku,0.1162392385786802
