client,reward
Lighthouse,0.11337199105145412
Lodestar,0.06859
Nimbus,0.08341111111111112
Prysm,0.11065882075471697
Teku,0.1154407729468599
