relay,slots,mevusage,sumreward,averagereward
flashbots,3295,34.39%,371.26545,0.112675402
bloxroute (max profit),433,4.52%,32.38531,0.074792864
blocknative,188,1.96%,12.20482,0.064919255
eden,154,1.61%,20.14299,0.130798636
bloxroute (ethical),97,1.01%,6.87662,0.07089299
manifold,75,0.78%,4.26759,0.0569012
bloxroute (regulated),242,2.53%,17.50305,0.072326653
none,5096,53.19%,215.04482,0.042198748
