relay,slots,mevusage,sumreward,averagereward
flashbots,39441,37.52%,3957.71789,0.100345272
bloxroute (max profit),1623,1.54%,142.95821,0.088082693
blocknative,521,0.50%,64.23167,0.123285355
eden,576,0.55%,61.5704,0.106893056
bloxroute (ethical),1440,1.37%,86.09718,0.059789708
manifold,315,0.30%,22.05353,0.070011206
bloxroute (regulated),358,0.34%,44.60595,0.124597626
none,60847,57.88%,2173.5816,0.035722083
