Name,BlockCount,UniqueBuilder,AverageReward,HighestReward,OverallRewards,Uncensored,Unfiltered
Flashbots (Relay),70207,30,0.14562849,81.00241977 ETH (Slot 4903350),"10,224.139708 ETH",No,Yes
BloXroute [Max-Profit] (Relay),6648,4,0.10346615,13.52927684 ETH (Slot 4903353),687.84293725 ETH,Yes,Yes
Blocknative (Relay),2140,2,0.08150232,16.52316402 ETH (Slot 4905606),174.41495783 ETH,No,???
Eden Network (Relay),1569,3,0.31571037,278.29152063 ETH (Slot 4867314),495.34957287 ETH,No,???
BloXroute [Ethical] (Relay),2354,3,0.08434942,10.32511803 ETH (Slot 4791729),198.55854547 ETH,Yes,No
Manifold (Relay),1771,2,0.09246619,31.9242307 ETH (Slot 4738717),163.75762499 ETH,Yes,Yes
BloXroute [Regulated] (Relay),1502,4,0.12036883,13.6623918 ETH (Slot 4792331),180.79398273 ETH,No,Yes
