relay,Lighthouse,Lodestar,Nimbus,Prysm,Teku
blocknative,0.15176622499999998,,0.054150731707317074,0.20400443037974683,0.07262632653061224
bloxroute (ethical),0.05580142857142857,0.06338818181818182,0.05401884615384615,0.060640244698205545,0.05928454545454546
bloxroute (max profit),0.05964614516129032,0.10988294117647059,0.0653083185840708,0.05935514606741573,0.07883855585831062
bloxroute (regulated),0.07960466666666667,,0.05344081632653061,0.06204166666666666,0.05953145251396648
eden,0.11398227848101265,,0.15314897435897437,0.11704825095057034,0.11829752293577982
flashbots,0.09973939620403321,0.13252,0.11245876787678769,0.09786545403324255,0.1332878776119403
manifold,0.057433511777301924,,0.05628222222222222,0.059516153846153844,0.059764037267080745
none,0.04886625852090032,0.036197692307692306,0.03382649513212795,0.03328288209606987,0.03632368083003953
