relay,Lighthouse,Lodestar,Nimbus,Prysm,Teku
blocknative,0.10093441573033708,,0.0645757671957672,0.12328535508637238,0.09116352775164628
bloxroute (ethical),0.06328104983388705,0.07293277777777778,0.07089298969072165,0.059748216516308114,0.08008042352941176
bloxroute (max profit),0.08119441227764214,0.09445513513513513,0.07479286374133949,0.08802845443349754,0.07484526756276946
bloxroute (regulated),0.08372473053892215,,0.07232665289256197,0.12459762569832403,0.09708601078167116
eden,0.11743306332842415,,0.13079863636363637,0.10689305555555556,0.12687050772626932
flashbots,0.10506848837972689,0.263185,0.11264121662621358,0.10034272830992343,0.11815291327332475
manifold,0.06552620013995801,,0.056901200000000006,0.07001120634920635,0.06954145454545455
none,0.061865983889747844,0.06067781094527363,0.042066670579029734,0.035707412274937574,0.03906179610850029
