client,reward
Lighthouse,0.07731132335044183
Lodestar,0.08468295918367347
Nimbus,0.07830510703363915
Prysm,0.07115937675104447
Teku,0.07995603881534664
