client,reward
Lighthouse,0.0785150147365239
Lodestar,0.07372613989637306
Nimbus,0.07081586267972494
Prysm,0.06231934141075997
Teku,0.07033294713384228
