client,reward
Lighthouse,0.07851389349112425
Lodestar,0.07484518691588786
Nimbus,0.07288220192216195
Prysm,0.06267514973555269
Teku,0.06983359398403677
