relay,Lighthouse,Lodestar,Nimbus,Prysm,Teku
blocknative,0.13626894428152492,,0.04487,0.11544621118012421,0.07360516949152543
bloxroute (ethical),0.0649748780487805,0.06631096774193548,0.056039599999999995,0.059615461658841934,0.056952105263157894
bloxroute (max profit),0.06467728280961182,0.099124,0.07034618320610687,0.0608535201793722,0.06587960563380282
bloxroute (regulated),0.07552786440677965,,0.06294771428571429,0.07039064935064936,0.05797298342541436
eden,0.12089011611030478,,0.1504091891891892,0.12026816993464051,0.131395859030837
flashbots,0.10846600810081009,0.079,0.12186444764649375,0.10848279210788306,0.14269000850822464
manifold,0.08544808383233533,,0.06356769230769231,0.0852962962962963,0.10875030769230769
none,0.04908163940912688,0.05858684210526316,0.037574566145092456,0.030797742143225143,0.03864476364522417
