client,reward
Lighthouse,0.07848398546433379
Lodestar,0.08697135922330097
Nimbus,0.08375252256532066
Prysm,0.07368952279133055
Teku,0.0807375176366843
