client,reward
Lighthouse,0.08293462848877699
Lodestar,0.08029552083333334
Nimbus,0.08726069902912621
Prysm,0.07652175887978142
Teku,0.08536694903963585
